58577,'V',1,40,9,'München','2020-09-18 20:30:00',-1,-1,-1,-1,-1
58578,'V',1,7,87,'Dortmund','2020-09-19 18:30:00',-1,-1,-1,-1,-1
58579,'V',1,91,83,'Frankfurt','2020-09-19 15:30:00',-1,-1,-1,-1,-1
58580,'V',1,65,123,'Köln','2020-09-19 15:30:00',-1,-1,-1,-1,-1
58581,'V',1,1635,81,'Leipzig','2020-09-20 15:30:00',-1,-1,-1,-1,-1
58582,'V',1,16,112,'Stuttgart','2020-09-19 15:30:00',-1,-1,-1,-1,-1
58583,'V',1,80,95,'Berlin','2020-09-19 15:30:00',-1,-1,-1,-1,-1
58584,'V',1,134,54,'Bremen','2020-09-19 15:30:00',-1,-1,-1,-1,-1
58585,'V',1,131,6,'Wolfsburg','2020-09-20 18:00:00',-1,-1,-1,-1,-1
58586,'V',2,83,65,'Bielefeld','2020-09-26 15:30:00',-1,-1,-1,-1,-1
58587,'V',2,95,7,'Augsburg','2020-09-26 15:30:00',-1,-1,-1,-1,-1
58588,'V',2,6,1635,'Leverkusen','2020-09-26 15:30:00',-1,-1,-1,-1,-1
58589,'V',2,87,80,'Mönchengladbach','2020-09-26 15:30:00',-1,-1,-1,-1,-1
58590,'V',2,112,131,'Freiburg','2020-09-27 18:00:00',-1,-1,-1,-1,-1
58591,'V',2,54,91,'Berlin','2020-09-25 20:30:00',-1,-1,-1,-1,-1
58592,'V',2,123,40,'Hoffenheim','2020-09-27 15:30:00',-1,-1,-1,-1,-1
58593,'V',2,81,16,'Mainz','2020-09-26 15:30:00',-1,-1,-1,-1,-1
58594,'V',2,9,134,'Gelsenkirchen','2020-09-26 18:30:00',-1,-1,-1,-1,-1
58595,'V',3,40,54,'München','2020-10-04 18:00:00',-1,-1,-1,-1,-1
58596,'V',3,7,112,'Dortmund','2020-10-03 15:30:00',-1,-1,-1,-1,-1
58597,'V',3,91,123,'Frankfurt','2020-10-03 15:30:00',-1,-1,-1,-1,-1
58598,'V',3,65,87,'Köln','2020-10-03 15:30:00',-1,-1,-1,-1,-1
58601,'V',3,1635,9,'Leipzig','2020-10-03 18:30:00',-1,-1,-1,-1,-1
58602,'V',3,16,6,'Stuttgart','2020-10-03 15:30:00',-1,-1,-1,-1,-1
58603,'V',3,80,81,'Berlin','2020-10-02 20:30:00',-1,-1,-1,-1,-1
58604,'V',3,134,83,'Bremen','2020-10-03 15:30:00',-1,-1,-1,-1,-1
58605,'V',3,131,95,'Wolfsburg','2020-10-04 15:30:00',-1,-1,-1,-1,-1
58606,'V',4,83,40,'Bielefeld','2020-10-17 18:30:00',-1,-1,-1,-1,-1
58607,'V',4,95,1635,'Augsburg','2020-10-17 15:30:00',-1,-1,-1,-1,-1
58608,'V',4,87,131,'Mönchengladbach','2020-10-17 20:30:00',-1,-1,-1,-1,-1
58609,'V',4,112,134,'Freiburg','2020-10-17 15:30:00',-1,-1,-1,-1,-1
58610,'V',4,54,16,'Berlin','2020-10-17 15:30:00',-1,-1,-1,-1,-1
58611,'V',4,123,7,'Hoffenheim','2020-10-17 15:30:00',-1,-1,-1,-1,-1
58612,'V',4,65,91,'Köln','2020-10-18 15:30:00',-1,-1,-1,-1,-1
58613,'V',4,81,6,'Mainz','2020-10-17 15:30:00',-1,-1,-1,-1,-1
58614,'V',4,9,80,'Gelsenkirchen','2020-10-18 18:00:00',-1,-1,-1,-1,-1
58615,'V',5,6,95,'Leverkusen','2020-10-26 20:30:00',-1,-1,-1,-1,-1
58616,'V',5,40,91,'München','2020-10-24 15:30:00',-1,-1,-1,-1,-1
58617,'V',5,7,9,'Dortmund','2020-10-24 18:30:00',-1,-1,-1,-1,-1
58618,'V',5,81,87,'Mainz','2020-10-24 15:30:00',-1,-1,-1,-1,-1
58619,'V',5,1635,54,'Leipzig','2020-10-24 15:30:00',-1,-1,-1,-1,-1
58620,'V',5,16,65,'Stuttgart','2020-10-23 20:30:00',-1,-1,-1,-1,-1
58621,'V',5,80,112,'Berlin','2020-10-24 15:30:00',-1,-1,-1,-1,-1
58622,'V',5,134,123,'Bremen','2020-10-25 18:00:00',-1,-1,-1,-1,-1
58623,'V',5,131,83,'Wolfsburg','2020-10-25 15:30:00',-1,-1,-1,-1,-1
58624,'V',6,83,7,'Bielefeld','2020-10-31 15:30:00',-1,-1,-1,-1,-1
58625,'V',6,95,81,'Augsburg','2020-10-31 15:30:00',-1,-1,-1,-1,-1
58626,'V',6,87,1635,'Mönchengladbach','2020-10-31 18:30:00',-1,-1,-1,-1,-1
58627,'V',6,91,134,'Frankfurt','2020-10-31 15:30:00',-1,-1,-1,-1,-1
58628,'V',6,112,6,'Freiburg','2020-11-01 15:30:00',-1,-1,-1,-1,-1
58629,'V',6,54,131,'Berlin','2020-11-01 18:00:00',-1,-1,-1,-1,-1
58630,'V',6,123,80,'Hoffenheim','2020-11-02 20:30:00',-1,-1,-1,-1,-1
58631,'V',6,65,40,'Köln','2020-10-31 15:30:00',-1,-1,-1,-1,-1
58632,'V',6,9,16,'Gelsenkirchen','2020-10-30 20:30:00',-1,-1,-1,-1,-1
58633,'V',7,95,54,'Augsburg','2020-11-07 15:30:00',-1,-1,-1,-1,-1
58634,'V',7,6,87,'Leverkusen','2020-11-08 18:00:00',-1,-1,-1,-1,-1
58635,'V',7,7,40,'Dortmund','2020-11-07 18:30:00',-1,-1,-1,-1,-1
58636,'V',7,81,9,'Mainz','2020-11-07 15:30:00',-1,-1,-1,-1,-1
58637,'V',7,1635,112,'Leipzig','2020-11-07 15:30:00',-1,-1,-1,-1,-1
58638,'V',7,16,91,'Stuttgart','2020-11-07 15:30:00',-1,-1,-1,-1,-1
58639,'V',7,80,83,'Berlin','2020-11-07 15:30:00',-1,-1,-1,-1,-1
58640,'V',7,134,65,'Bremen','2020-11-06 20:30:00',-1,-1,-1,-1,-1
58641,'V',7,131,123,'Wolfsburg','2020-11-08 15:30:00',-1,-1,-1,-1,-1
58642,'V',8,83,6,'Bielefeld','2020-11-21 15:30:00',-1,-1,-1,-1,-1
58643,'V',8,40,134,'München','2020-11-21 15:30:00',-1,-1,-1,-1,-1
58644,'V',8,87,95,'Mönchengladbach','2020-11-21 15:30:00',-1,-1,-1,-1,-1
58645,'V',8,91,1635,'Frankfurt','2020-11-21 18:30:00',-1,-1,-1,-1,-1
58646,'V',8,112,81,'Freiburg','2020-11-22 15:30:00',-1,-1,-1,-1,-1
58647,'V',8,54,7,'Berlin','2020-11-21 20:30:00',-1,-1,-1,-1,-1
58648,'V',8,123,16,'Hoffenheim','2020-11-21 15:30:00',-1,-1,-1,-1,-1
58649,'V',8,65,80,'Köln','2020-11-22 18:00:00',-1,-1,-1,-1,-1
58650,'V',8,9,131,'Gelsenkirchen','2020-11-21 15:30:00',-1,-1,-1,-1,-1
58651,'V',9,95,112,'Augsburg','2020-11-28 15:30:00',-1,-1,-1,-1,-1
58652,'V',9,6,54,'Leverkusen','2020-11-28 15:30:00',-1,-1,-1,-1,-1
58653,'V',9,7,65,'Dortmund','2020-11-28 15:30:00',-1,-1,-1,-1,-1
58654,'V',9,87,9,'Mönchengladbach','2020-11-28 15:30:00',-1,-1,-1,-1,-1
58655,'V',9,81,123,'Mainz','2020-11-28 15:30:00',-1,-1,-1,-1,-1
58656,'V',9,1635,83,'Leipzig','2020-11-28 15:30:00',-1,-1,-1,-1,-1
58657,'V',9,16,40,'Stuttgart','2020-11-28 15:30:00',-1,-1,-1,-1,-1
58658,'V',9,80,91,'Berlin','2020-11-28 15:30:00',-1,-1,-1,-1,-1
58660,'V',9,131,134,'Wolfsburg','2020-11-28 15:30:00',-1,-1,-1,-1,-1
58661,'V',10,83,81,'Bielefeld','2020-12-05 15:30:00',-1,-1,-1,-1,-1
58662,'V',10,40,1635,'München','2020-12-05 15:30:00',-1,-1,-1,-1,-1
58663,'V',10,91,7,'Frankfurt','2020-12-05 15:30:00',-1,-1,-1,-1,-1
58664,'V',10,112,87,'Freiburg','2020-12-05 15:30:00',-1,-1,-1,-1,-1
58665,'V',10,54,80,'Berlin','2020-12-05 15:30:00',-1,-1,-1,-1,-1
58666,'V',10,123,95,'Hoffenheim','2020-12-05 15:30:00',-1,-1,-1,-1,-1
58667,'V',10,65,131,'Köln','2020-12-05 15:30:00',-1,-1,-1,-1,-1
58668,'V',10,9,6,'Gelsenkirchen','2020-12-05 15:30:00',-1,-1,-1,-1,-1
58669,'V',10,134,16,'Bremen','2020-12-05 15:30:00',-1,-1,-1,-1,-1
58670,'V',11,95,9,'Augsburg','2020-12-12 15:30:00',-1,-1,-1,-1,-1
58671,'V',11,6,123,'Leverkusen','2020-12-12 15:30:00',-1,-1,-1,-1,-1
58672,'V',11,7,16,'Dortmund','2020-12-12 15:30:00',-1,-1,-1,-1,-1
58673,'V',11,87,54,'Mönchengladbach','2020-12-12 15:30:00',-1,-1,-1,-1,-1
58674,'V',11,112,83,'Freiburg','2020-12-12 15:30:00',-1,-1,-1,-1,-1
58675,'V',11,81,65,'Mainz','2020-12-12 15:30:00',-1,-1,-1,-1,-1
58676,'V',11,1635,134,'Leipzig','2020-12-12 15:30:00',-1,-1,-1,-1,-1
58677,'V',11,80,40,'Berlin','2020-12-12 15:30:00',-1,-1,-1,-1,-1
58678,'V',11,131,91,'Wolfsburg','2020-12-12 15:30:00',-1,-1,-1,-1,-1
58679,'V',12,83,95,'Bielefeld','2020-12-16 20:00:00',-1,-1,-1,-1,-1
58680,'V',12,40,131,'München','2020-12-16 20:00:00',-1,-1,-1,-1,-1
58681,'V',12,91,87,'Frankfurt','2020-12-16 20:00:00',-1,-1,-1,-1,-1
58682,'V',12,54,81,'Berlin','2020-12-16 20:00:00',-1,-1,-1,-1,-1
58683,'V',12,123,1635,'Hoffenheim','2020-12-16 20:00:00',-1,-1,-1,-1,-1
58684,'V',12,65,6,'Köln','2020-12-16 20:00:00',-1,-1,-1,-1,-1
58685,'V',12,9,112,'Gelsenkirchen','2020-12-16 20:00:00',-1,-1,-1,-1,-1
58686,'V',12,16,80,'Stuttgart','2020-12-16 20:00:00',-1,-1,-1,-1,-1
58687,'V',12,134,7,'Bremen','2020-12-16 20:00:00',-1,-1,-1,-1,-1
58688,'V',13,95,91,'Augsburg','2020-12-19 15:30:00',-1,-1,-1,-1,-1
58689,'V',13,6,40,'Leverkusen','2020-12-19 15:30:00',-1,-1,-1,-1,-1
58690,'V',13,87,123,'Mönchengladbach','2020-12-19 15:30:00',-1,-1,-1,-1,-1
58691,'V',13,112,54,'Freiburg','2020-12-19 15:30:00',-1,-1,-1,-1,-1
58692,'V',13,81,134,'Mainz','2020-12-19 15:30:00',-1,-1,-1,-1,-1
58693,'V',13,1635,65,'Leipzig','2020-12-19 15:30:00',-1,-1,-1,-1,-1
58694,'V',13,9,83,'Gelsenkirchen','2020-12-19 15:30:00',-1,-1,-1,-1,-1
58695,'V',13,80,7,'Berlin','2020-12-19 15:30:00',-1,-1,-1,-1,-1
58696,'V',13,131,16,'Wolfsburg','2020-12-19 15:30:00',-1,-1,-1,-1,-1
58697,'V',14,83,87,'Bielefeld','2021-01-02 15:30:00',-1,-1,-1,-1,-1
58698,'V',14,40,81,'München','2021-01-02 15:30:00',-1,-1,-1,-1,-1
58699,'V',14,7,131,'Dortmund','2021-01-02 15:30:00',-1,-1,-1,-1,-1
58700,'V',14,91,6,'Frankfurt','2021-01-02 15:30:00',-1,-1,-1,-1,-1
58701,'V',14,54,9,'Berlin','2021-01-02 15:30:00',-1,-1,-1,-1,-1
58702,'V',14,123,112,'Hoffenheim','2021-01-02 15:30:00',-1,-1,-1,-1,-1
58703,'V',14,65,95,'Köln','2021-01-02 15:30:00',-1,-1,-1,-1,-1
58704,'V',14,16,1635,'Stuttgart','2021-01-02 15:30:00',-1,-1,-1,-1,-1
58705,'V',14,134,80,'Bremen','2021-01-02 15:30:00',-1,-1,-1,-1,-1
58706,'V',15,83,54,'Bielefeld','2021-01-09 15:30:00',-1,-1,-1,-1,-1
58707,'V',15,95,16,'Augsburg','2021-01-09 15:30:00',-1,-1,-1,-1,-1
58708,'V',15,6,134,'Leverkusen','2021-01-09 15:30:00',-1,-1,-1,-1,-1
58709,'V',15,87,40,'Mönchengladbach','2021-01-09 15:30:00',-1,-1,-1,-1,-1
58710,'V',15,112,65,'Freiburg','2021-01-09 15:30:00',-1,-1,-1,-1,-1
58711,'V',15,81,91,'Mainz','2021-01-09 15:30:00',-1,-1,-1,-1,-1
58712,'V',15,1635,7,'Leipzig','2021-01-09 15:30:00',-1,-1,-1,-1,-1
58713,'V',15,9,123,'Gelsenkirchen','2021-01-09 15:30:00',-1,-1,-1,-1,-1
58714,'V',15,80,131,'Berlin','2021-01-09 15:30:00',-1,-1,-1,-1,-1
58715,'V',16,40,112,'München','2021-01-16 15:30:00',-1,-1,-1,-1,-1
58716,'V',16,7,81,'Dortmund','2021-01-16 15:30:00',-1,-1,-1,-1,-1
58717,'V',16,91,9,'Frankfurt','2021-01-16 15:30:00',-1,-1,-1,-1,-1
58718,'V',16,123,83,'Hoffenheim','2021-01-16 15:30:00',-1,-1,-1,-1,-1
58719,'V',16,65,54,'Köln','2021-01-16 15:30:00',-1,-1,-1,-1,-1
58720,'V',16,16,87,'Stuttgart','2021-01-16 15:30:00',-1,-1,-1,-1,-1
58721,'V',16,80,6,'Berlin','2021-01-16 15:30:00',-1,-1,-1,-1,-1
58722,'V',16,134,95,'Bremen','2021-01-16 15:30:00',-1,-1,-1,-1,-1
58723,'V',16,131,1635,'Wolfsburg','2021-01-16 15:30:00',-1,-1,-1,-1,-1
58724,'V',17,83,16,'Bielefeld','2021-01-20 20:00:00',-1,-1,-1,-1,-1
58725,'V',17,95,40,'Augsburg','2021-01-20 20:00:00',-1,-1,-1,-1,-1
58726,'V',17,6,7,'Leverkusen','2021-01-20 20:00:00',-1,-1,-1,-1,-1
58727,'V',17,87,134,'Mönchengladbach','2021-01-20 20:00:00',-1,-1,-1,-1,-1
58728,'V',17,112,91,'Freiburg','2021-01-20 20:00:00',-1,-1,-1,-1,-1
58729,'V',17,54,123,'Berlin','2021-01-20 20:00:00',-1,-1,-1,-1,-1
58730,'V',17,81,131,'Mainz','2021-01-20 20:00:00',-1,-1,-1,-1,-1
58731,'V',17,1635,80,'Leipzig','2021-01-20 20:00:00',-1,-1,-1,-1,-1
58732,'V',17,9,65,'Gelsenkirchen','2021-01-20 20:00:00',-1,-1,-1,-1,-1
58733,'V',18,83,91,'Bielefeld','2021-01-23 15:30:00',-1,-1,-1,-1,-1
58734,'V',18,95,80,'Augsburg','2021-01-23 15:30:00',-1,-1,-1,-1,-1
58735,'V',18,6,131,'Leverkusen','2021-01-23 15:30:00',-1,-1,-1,-1,-1
58736,'V',18,87,7,'Mönchengladbach','2021-01-23 15:30:00',-1,-1,-1,-1,-1
58737,'V',18,112,16,'Freiburg','2021-01-23 15:30:00',-1,-1,-1,-1,-1
58738,'V',18,54,134,'Berlin','2021-01-23 15:30:00',-1,-1,-1,-1,-1
58739,'V',18,123,65,'Hoffenheim','2021-01-23 15:30:00',-1,-1,-1,-1,-1
58740,'V',18,81,1635,'Mainz','2021-01-23 15:30:00',-1,-1,-1,-1,-1
58741,'V',18,9,40,'Gelsenkirchen','2021-01-23 15:30:00',-1,-1,-1,-1,-1
58742,'V',19,40,123,'München','2021-01-30 15:30:00',-1,-1,-1,-1,-1
58743,'V',19,7,95,'Dortmund','2021-01-30 15:30:00',-1,-1,-1,-1,-1
58744,'V',19,91,54,'Frankfurt','2021-01-30 15:30:00',-1,-1,-1,-1,-1
58745,'V',19,65,83,'Köln','2021-01-30 15:30:00',-1,-1,-1,-1,-1
58746,'V',19,1635,6,'Leipzig','2021-01-30 15:30:00',-1,-1,-1,-1,-1
58747,'V',19,16,81,'Stuttgart','2021-01-30 15:30:00',-1,-1,-1,-1,-1
58748,'V',19,80,87,'Berlin','2021-01-30 15:30:00',-1,-1,-1,-1,-1
58749,'V',19,134,9,'Bremen','2021-01-30 15:30:00',-1,-1,-1,-1,-1
58750,'V',19,131,112,'Wolfsburg','2021-01-30 15:30:00',-1,-1,-1,-1,-1
58751,'V',20,83,134,'Bielefeld','2021-02-06 15:30:00',-1,-1,-1,-1,-1
58752,'V',20,95,131,'Augsburg','2021-02-06 15:30:00',-1,-1,-1,-1,-1
58753,'V',20,6,16,'Leverkusen','2021-02-06 15:30:00',-1,-1,-1,-1,-1
58754,'V',20,87,65,'Mönchengladbach','2021-02-06 15:30:00',-1,-1,-1,-1,-1
58755,'V',20,112,7,'Freiburg','2021-02-06 15:30:00',-1,-1,-1,-1,-1
58756,'V',20,54,40,'Berlin','2021-02-06 15:30:00',-1,-1,-1,-1,-1
58757,'V',20,123,91,'Hoffenheim','2021-02-06 15:30:00',-1,-1,-1,-1,-1
58758,'V',20,81,80,'Mainz','2021-02-06 15:30:00',-1,-1,-1,-1,-1
58759,'V',20,9,1635,'Gelsenkirchen','2021-02-06 15:30:00',-1,-1,-1,-1,-1
58760,'V',21,6,81,'Leverkusen','2021-02-13 15:30:00',-1,-1,-1,-1,-1
58761,'V',21,40,83,'München','2021-02-13 15:30:00',-1,-1,-1,-1,-1
58762,'V',21,7,123,'Dortmund','2021-02-13 15:30:00',-1,-1,-1,-1,-1
58763,'V',21,91,65,'Frankfurt','2021-02-13 15:30:00',-1,-1,-1,-1,-1
58764,'V',21,1635,95,'Leipzig','2021-02-13 15:30:00',-1,-1,-1,-1,-1
58765,'V',21,16,54,'Stuttgart','2021-02-13 15:30:00',-1,-1,-1,-1,-1
58766,'V',21,80,9,'Berlin','2021-02-13 15:30:00',-1,-1,-1,-1,-1
58767,'V',21,134,112,'Bremen','2021-02-13 15:30:00',-1,-1,-1,-1,-1
58768,'V',21,131,87,'Wolfsburg','2021-02-13 15:30:00',-1,-1,-1,-1,-1
58769,'V',22,83,131,'Bielefeld','2021-02-20 15:30:00',-1,-1,-1,-1,-1
58770,'V',22,95,6,'Augsburg','2021-02-20 15:30:00',-1,-1,-1,-1,-1
58771,'V',22,87,81,'Mönchengladbach','2021-02-20 15:30:00',-1,-1,-1,-1,-1
58772,'V',22,91,40,'Frankfurt','2021-02-20 15:30:00',-1,-1,-1,-1,-1
58773,'V',22,112,80,'Freiburg','2021-02-20 15:30:00',-1,-1,-1,-1,-1
58774,'V',22,54,1635,'Berlin','2021-02-20 15:30:00',-1,-1,-1,-1,-1
58775,'V',22,123,134,'Hoffenheim','2021-02-20 15:30:00',-1,-1,-1,-1,-1
58776,'V',22,65,16,'Köln','2021-02-20 15:30:00',-1,-1,-1,-1,-1
58777,'V',22,9,7,'Gelsenkirchen','2021-02-20 15:30:00',-1,-1,-1,-1,-1
58778,'V',23,6,112,'Leverkusen','2021-02-27 15:30:00',-1,-1,-1,-1,-1
58779,'V',23,40,65,'München','2021-02-27 15:30:00',-1,-1,-1,-1,-1
58780,'V',23,7,83,'Dortmund','2021-02-27 15:30:00',-1,-1,-1,-1,-1
58781,'V',23,81,95,'Mainz','2021-02-27 15:30:00',-1,-1,-1,-1,-1
58782,'V',23,1635,87,'Leipzig','2021-02-27 15:30:00',-1,-1,-1,-1,-1
58783,'V',23,16,9,'Stuttgart','2021-02-27 15:30:00',-1,-1,-1,-1,-1
58784,'V',23,80,123,'Berlin','2021-02-27 15:30:00',-1,-1,-1,-1,-1
58785,'V',23,134,91,'Bremen','2021-02-27 15:30:00',-1,-1,-1,-1,-1
58786,'V',23,131,54,'Wolfsburg','2021-02-27 15:30:00',-1,-1,-1,-1,-1
58787,'V',24,83,80,'Bielefeld','2021-03-06 15:30:00',-1,-1,-1,-1,-1
58788,'V',24,40,7,'München','2021-03-06 15:30:00',-1,-1,-1,-1,-1
58789,'V',24,87,6,'Mönchengladbach','2021-03-06 15:30:00',-1,-1,-1,-1,-1
58790,'V',24,91,16,'Frankfurt','2021-03-06 15:30:00',-1,-1,-1,-1,-1
58791,'V',24,112,1635,'Freiburg','2021-03-06 15:30:00',-1,-1,-1,-1,-1
58792,'V',24,54,95,'Berlin','2021-03-06 15:30:00',-1,-1,-1,-1,-1
58793,'V',24,123,131,'Hoffenheim','2021-03-06 15:30:00',-1,-1,-1,-1,-1
58794,'V',24,65,134,'Köln','2021-03-06 15:30:00',-1,-1,-1,-1,-1
58795,'V',24,9,81,'Gelsenkirchen','2021-03-06 15:30:00',-1,-1,-1,-1,-1
58796,'V',25,95,87,'Augsburg','2021-03-13 15:30:00',-1,-1,-1,-1,-1
58797,'V',25,6,83,'Leverkusen','2021-03-13 15:30:00',-1,-1,-1,-1,-1
58798,'V',25,7,54,'Dortmund','2021-03-13 15:30:00',-1,-1,-1,-1,-1
58799,'V',25,81,112,'Mainz','2021-03-13 15:30:00',-1,-1,-1,-1,-1
58800,'V',25,1635,91,'Leipzig','2021-03-13 15:30:00',-1,-1,-1,-1,-1
58801,'V',25,16,123,'Stuttgart','2021-03-13 15:30:00',-1,-1,-1,-1,-1
58802,'V',25,80,65,'Berlin','2021-03-13 15:30:00',-1,-1,-1,-1,-1
58803,'V',25,134,40,'Bremen','2021-03-13 15:30:00',-1,-1,-1,-1,-1
58804,'V',25,131,9,'Wolfsburg','2021-03-13 15:30:00',-1,-1,-1,-1,-1
58805,'V',26,83,1635,'Bielefeld','2021-03-20 15:30:00',-1,-1,-1,-1,-1
58806,'V',26,40,16,'München','2021-03-20 15:30:00',-1,-1,-1,-1,-1
58807,'V',26,91,80,'Frankfurt','2021-03-20 15:30:00',-1,-1,-1,-1,-1
58808,'V',26,112,95,'Freiburg','2021-03-20 15:30:00',-1,-1,-1,-1,-1
58809,'V',26,54,6,'Berlin','2021-03-20 15:30:00',-1,-1,-1,-1,-1
58810,'V',26,123,81,'Hoffenheim','2021-03-20 15:30:00',-1,-1,-1,-1,-1
58811,'V',26,65,7,'Köln','2021-03-20 15:30:00',-1,-1,-1,-1,-1
58812,'V',26,9,87,'Gelsenkirchen','2021-03-20 15:30:00',-1,-1,-1,-1,-1
58813,'V',26,134,131,'Bremen','2021-03-20 15:30:00',-1,-1,-1,-1,-1
58814,'V',27,95,123,'Augsburg','2021-04-03 15:30:00',-1,-1,-1,-1,-1
58815,'V',27,6,9,'Leverkusen','2021-04-03 15:30:00',-1,-1,-1,-1,-1
58816,'V',27,7,91,'Dortmund','2021-04-03 15:30:00',-1,-1,-1,-1,-1
58817,'V',27,87,112,'Mönchengladbach','2021-04-03 15:30:00',-1,-1,-1,-1,-1
58818,'V',27,81,83,'Mainz','2021-04-03 15:30:00',-1,-1,-1,-1,-1
58819,'V',27,1635,40,'Leipzig','2021-04-03 15:30:00',-1,-1,-1,-1,-1
58820,'V',27,16,134,'Stuttgart','2021-04-03 15:30:00',-1,-1,-1,-1,-1
58821,'V',27,80,54,'Berlin','2021-04-03 15:30:00',-1,-1,-1,-1,-1
58822,'V',27,131,65,'Wolfsburg','2021-04-03 15:30:00',-1,-1,-1,-1,-1
58823,'V',28,83,112,'Bielefeld','2021-04-10 15:30:00',-1,-1,-1,-1,-1
58824,'V',28,40,80,'München','2021-04-10 15:30:00',-1,-1,-1,-1,-1
58825,'V',28,91,131,'Frankfurt','2021-04-10 15:30:00',-1,-1,-1,-1,-1
58826,'V',28,54,87,'Berlin','2021-04-10 15:30:00',-1,-1,-1,-1,-1
58827,'V',28,123,6,'Hoffenheim','2021-04-10 15:30:00',-1,-1,-1,-1,-1
58828,'V',28,65,81,'Köln','2021-04-10 15:30:00',-1,-1,-1,-1,-1
58829,'V',28,9,95,'Gelsenkirchen','2021-04-10 15:30:00',-1,-1,-1,-1,-1
58830,'V',28,16,7,'Stuttgart','2021-04-10 15:30:00',-1,-1,-1,-1,-1
58831,'V',28,134,1635,'Bremen','2021-04-10 15:30:00',-1,-1,-1,-1,-1
58832,'V',29,95,83,'Augsburg','2021-04-17 15:30:00',-1,-1,-1,-1,-1
58833,'V',29,6,65,'Leverkusen','2021-04-17 15:30:00',-1,-1,-1,-1,-1
58834,'V',29,7,134,'Dortmund','2021-04-17 15:30:00',-1,-1,-1,-1,-1
58835,'V',29,87,91,'Mönchengladbach','2021-04-17 15:30:00',-1,-1,-1,-1,-1
58836,'V',29,112,9,'Freiburg','2021-04-17 15:30:00',-1,-1,-1,-1,-1
58837,'V',29,81,54,'Mainz','2021-04-17 15:30:00',-1,-1,-1,-1,-1
58838,'V',29,1635,123,'Leipzig','2021-04-17 15:30:00',-1,-1,-1,-1,-1
58839,'V',29,80,16,'Berlin','2021-04-17 15:30:00',-1,-1,-1,-1,-1
58840,'V',29,131,40,'Wolfsburg','2021-04-17 15:30:00',-1,-1,-1,-1,-1
58841,'V',30,83,9,'Bielefeld','2021-04-21 20:00:00',-1,-1,-1,-1,-1
58842,'V',30,40,6,'München','2021-04-21 20:00:00',-1,-1,-1,-1,-1
58843,'V',30,7,80,'Dortmund','2021-04-21 20:00:00',-1,-1,-1,-1,-1
58844,'V',30,91,95,'Frankfurt','2021-04-21 20:00:00',-1,-1,-1,-1,-1
58845,'V',30,54,112,'Berlin','2021-04-21 20:00:00',-1,-1,-1,-1,-1
58846,'V',30,123,87,'Hoffenheim','2021-04-21 20:00:00',-1,-1,-1,-1,-1
58847,'V',30,65,1635,'Köln','2021-04-21 20:00:00',-1,-1,-1,-1,-1
58848,'V',30,16,131,'Stuttgart','2021-04-21 20:00:00',-1,-1,-1,-1,-1
58849,'V',30,134,81,'Bremen','2021-04-21 20:00:00',-1,-1,-1,-1,-1
58850,'V',31,95,65,'Augsburg','2021-04-24 15:30:00',-1,-1,-1,-1,-1
58851,'V',31,6,91,'Leverkusen','2021-04-24 15:30:00',-1,-1,-1,-1,-1
58852,'V',31,87,83,'Mönchengladbach','2021-04-24 15:30:00',-1,-1,-1,-1,-1
58853,'V',31,112,123,'Freiburg','2021-04-24 15:30:00',-1,-1,-1,-1,-1
58854,'V',31,81,40,'Mainz','2021-04-24 15:30:00',-1,-1,-1,-1,-1
58855,'V',31,1635,16,'Leipzig','2021-04-24 15:30:00',-1,-1,-1,-1,-1
58856,'V',31,9,54,'Gelsenkirchen','2021-04-24 15:30:00',-1,-1,-1,-1,-1
58857,'V',31,80,134,'Berlin','2021-04-24 15:30:00',-1,-1,-1,-1,-1
58858,'V',31,131,7,'Wolfsburg','2021-04-24 15:30:00',-1,-1,-1,-1,-1
58859,'V',32,40,87,'München','2021-05-08 15:30:00',-1,-1,-1,-1,-1
58860,'V',32,7,1635,'Dortmund','2021-05-08 15:30:00',-1,-1,-1,-1,-1
58861,'V',32,91,81,'Frankfurt','2021-05-08 15:30:00',-1,-1,-1,-1,-1
58862,'V',32,54,83,'Berlin','2021-05-08 15:30:00',-1,-1,-1,-1,-1
58863,'V',32,123,9,'Hoffenheim','2021-05-08 15:30:00',-1,-1,-1,-1,-1
58864,'V',32,65,112,'Köln','2021-05-08 15:30:00',-1,-1,-1,-1,-1
58865,'V',32,16,95,'Stuttgart','2021-05-08 15:30:00',-1,-1,-1,-1,-1
58866,'V',32,134,6,'Bremen','2021-05-08 15:30:00',-1,-1,-1,-1,-1
58867,'V',32,131,80,'Wolfsburg','2021-05-08 15:30:00',-1,-1,-1,-1,-1
58868,'V',33,83,123,'Bielefeld','2021-05-15 15:30:00',-1,-1,-1,-1,-1
58869,'V',33,95,134,'Augsburg','2021-05-15 15:30:00',-1,-1,-1,-1,-1
58870,'V',33,6,80,'Leverkusen','2021-05-15 15:30:00',-1,-1,-1,-1,-1
58871,'V',33,87,16,'Mönchengladbach','2021-05-15 15:30:00',-1,-1,-1,-1,-1
58872,'V',33,112,40,'Freiburg','2021-05-15 15:30:00',-1,-1,-1,-1,-1
58873,'V',33,54,65,'Berlin','2021-05-15 15:30:00',-1,-1,-1,-1,-1
58874,'V',33,81,7,'Mainz','2021-05-15 15:30:00',-1,-1,-1,-1,-1
58875,'V',33,1635,131,'Leipzig','2021-05-15 15:30:00',-1,-1,-1,-1,-1
58876,'V',33,9,91,'Gelsenkirchen','2021-05-15 15:30:00',-1,-1,-1,-1,-1
58877,'V',34,40,95,'München','2021-05-21 15:30:00',-1,-1,-1,-1,-1
58878,'V',34,7,6,'Dortmund','2021-05-21 15:30:00',-1,-1,-1,-1,-1
58879,'V',34,91,112,'Frankfurt','2021-05-21 15:30:00',-1,-1,-1,-1,-1
58880,'V',34,123,54,'Hoffenheim','2021-05-21 15:30:00',-1,-1,-1,-1,-1
58881,'V',34,65,9,'Köln','2021-05-21 15:30:00',-1,-1,-1,-1,-1
58882,'V',34,16,83,'Stuttgart','2021-05-21 15:30:00',-1,-1,-1,-1,-1
58883,'V',34,80,1635,'Berlin','2021-05-21 15:30:00',-1,-1,-1,-1,-1
58884,'V',34,134,87,'Bremen','2021-05-21 15:30:00',-1,-1,-1,-1,-1
58885,'V',34,131,81,'Wolfsburg','2021-05-21 15:30:00',-1,-1,-1,-1,-1
